id,state,year,quarter,name,type,count,amount
1,India,2020,2,Insurance,TOTAL,185348,33732200.0
2,India,2020,3,Insurance,TOTAL,354284,89495100.0
3,India,2020,4,Insurance,TOTAL,248626,170980000.0
4,India,2021,1,Insurance,TOTAL,318119,206307000.0
5,India,2021,2,Insurance,TOTAL,363989,295067000.0
6,India,2021,3,Insurance,TOTAL,374867,342403000.0
7,India,2021,4,Insurance,TOTAL,526327,655432000.0
8,India,2022,1,Insurance,TOTAL,617606,887447000.0
9,India,2022,2,Insurance,TOTAL,630758,857035000.0
10,India,2022,3,Insurance,TOTAL,806491,1054720000.0
11,India,2022,4,Insurance,TOTAL,1035364,1439760000.0
12,India,2023,1,Insurance,TOTAL,923173,1408800000.0
13,India,2023,2,Insurance,TOTAL,893850,1347400000.0
14,India,2023,3,Insurance,TOTAL,1010211,1445230000.0
15,India,2023,4,Insurance,TOTAL,1159063,1855300000.0
16,India,2024,1,Insurance,TOTAL,1273789,1931960000.0
17,India,2024,2,Insurance,TOTAL,1105041,1759630000.0
18,India,2024,3,Insurance,TOTAL,1213629,1941270000.0
19,India,2024,4,Insurance,TOTAL,1475429,2293960000.0
20,andaman-&-nicobar-islands,2020,2,Insurance,TOTAL,6,1360.0
21,andaman-&-nicobar-islands,2020,3,Insurance,TOTAL,41,15380.0
22,andaman-&-nicobar-islands,2020,4,Insurance,TOTAL,124,157975.0
23,andaman-&-nicobar-islands,2021,1,Insurance,TOTAL,225,244266.0
24,andaman-&-nicobar-islands,2021,2,Insurance,TOTAL,137,181504.0
25,andaman-&-nicobar-islands,2021,3,Insurance,TOTAL,230,305235.0
26,andaman-&-nicobar-islands,2021,4,Insurance,TOTAL,757,1056380.0
27,andaman-&-nicobar-islands,2022,1,Insurance,TOTAL,768,1131290.0
28,andaman-&-nicobar-islands,2022,2,Insurance,TOTAL,501,779740.0
29,andaman-&-nicobar-islands,2022,3,Insurance,TOTAL,643,902466.0
30,andaman-&-nicobar-islands,2022,4,Insurance,TOTAL,901,1441210.0
31,andaman-&-nicobar-islands,2023,1,Insurance,TOTAL,1004,1439200.0
32,andaman-&-nicobar-islands,2023,2,Insurance,TOTAL,768,1233400.0
33,andaman-&-nicobar-islands,2023,3,Insurance,TOTAL,795,1251140.0
34,andaman-&-nicobar-islands,2023,4,Insurance,TOTAL,1145,1757820.0
35,andaman-&-nicobar-islands,2024,1,Insurance,TOTAL,1371,1964560.0
36,andaman-&-nicobar-islands,2024,2,Insurance,TOTAL,1097,1744690.0
37,andaman-&-nicobar-islands,2024,3,Insurance,TOTAL,1191,1752800.0
38,andaman-&-nicobar-islands,2024,4,Insurance,TOTAL,1293,2026380.0
39,andhra-pradesh,2020,2,Insurance,TOTAL,22104,3982390.0
40,andhra-pradesh,2020,3,Insurance,TOTAL,49812,12426500.0
41,andhra-pradesh,2020,4,Insurance,TOTAL,21464,12985600.0
42,andhra-pradesh,2021,1,Insurance,TOTAL,22105,12749900.0
43,andhra-pradesh,2021,2,Insurance,TOTAL,33205,22730700.0
44,andhra-pradesh,2021,3,Insurance,TOTAL,23075,19914300.0
45,andhra-pradesh,2021,4,Insurance,TOTAL,25423,31610300.0
46,andhra-pradesh,2022,1,Insurance,TOTAL,29954,42648200.0
47,andhra-pradesh,2022,2,Insurance,TOTAL,32185,41708100.0
48,andhra-pradesh,2022,3,Insurance,TOTAL,39301,48791900.0
49,andhra-pradesh,2022,4,Insurance,TOTAL,44329,58043200.0
50,andhra-pradesh,2023,1,Insurance,TOTAL,34920,51963400.0
51,andhra-pradesh,2023,2,Insurance,TOTAL,36376,52067500.0
52,andhra-pradesh,2023,3,Insurance,TOTAL,43150,57802400.0
53,andhra-pradesh,2023,4,Insurance,TOTAL,41798,62342400.0
54,andhra-pradesh,2024,1,Insurance,TOTAL,46582,63563800.0
55,andhra-pradesh,2024,2,Insurance,TOTAL,42547,62948300.0
56,andhra-pradesh,2024,3,Insurance,TOTAL,48014,73915200.0
57,andhra-pradesh,2024,4,Insurance,TOTAL,61425,80028900.0
58,arunachal-pradesh,2020,2,Insurance,TOTAL,65,14329.0
59,arunachal-pradesh,2020,3,Insurance,TOTAL,135,39687.0
60,arunachal-pradesh,2020,4,Insurance,TOTAL,125,84247.0
61,arunachal-pradesh,2021,1,Insurance,TOTAL,194,131611.0
62,arunachal-pradesh,2021,2,Insurance,TOTAL,204,224928.0
63,arunachal-pradesh,2021,3,Insurance,TOTAL,212,371051.0
64,arunachal-pradesh,2021,4,Insurance,TOTAL,320,598459.0
65,arunachal-pradesh,2022,1,Insurance,TOTAL,355,894107.0
66,arunachal-pradesh,2022,2,Insurance,TOTAL,564,1360230.0
67,arunachal-pradesh,2022,3,Insurance,TOTAL,510,1300300.0
68,arunachal-pradesh,2022,4,Insurance,TOTAL,613,1464570.0
69,arunachal-pradesh,2023,1,Insurance,TOTAL,606,1747480.0
70,arunachal-pradesh,2023,2,Insurance,TOTAL,696,2095990.0
71,arunachal-pradesh,2023,3,Insurance,TOTAL,718,1904790.0
72,arunachal-pradesh,2023,4,Insurance,TOTAL,809,2105410.0
73,arunachal-pradesh,2024,1,Insurance,TOTAL,1100,2419700.0
74,arunachal-pradesh,2024,2,Insurance,TOTAL,1147,2353020.0
75,arunachal-pradesh,2024,3,Insurance,TOTAL,842,1951380.0
76,arunachal-pradesh,2024,4,Insurance,TOTAL,999,2359470.0
77,assam,2020,2,Insurance,TOTAL,978,210034.0
78,assam,2020,3,Insurance,TOTAL,2206,599450.0
79,assam,2020,4,Insurance,TOTAL,2413,1806800.0
80,assam,2021,1,Insurance,TOTAL,3167,2334420.0
81,assam,2021,2,Insurance,TOTAL,3265,3008120.0
82,assam,2021,3,Insurance,TOTAL,4495,6010860.0
83,assam,2021,4,Insurance,TOTAL,8622,13962100.0
84,assam,2022,1,Insurance,TOTAL,16230,27447800.0
85,assam,2022,2,Insurance,TOTAL,9228,15357800.0
86,assam,2022,3,Insurance,TOTAL,14149,22543600.0
87,assam,2022,4,Insurance,TOTAL,18826,29239200.0
88,assam,2023,1,Insurance,TOTAL,22100,36963900.0
89,assam,2023,2,Insurance,TOTAL,16475,28368100.0
90,assam,2023,3,Insurance,TOTAL,22593,35618200.0
91,assam,2023,4,Insurance,TOTAL,23168,38731700.0
92,assam,2024,1,Insurance,TOTAL,33097,48107200.0
93,assam,2024,2,Insurance,TOTAL,22368,34796600.0
94,assam,2024,3,Insurance,TOTAL,17633,31389000.0
95,assam,2024,4,Insurance,TOTAL,21805,35336200.0
96,bihar,2020,2,Insurance,TOTAL,2816,595621.0
97,bihar,2020,3,Insurance,TOTAL,9733,2161100.0
98,bihar,2020,4,Insurance,TOTAL,9913,7860930.0
99,bihar,2021,1,Insurance,TOTAL,12554,8796620.0
100,bihar,2021,2,Insurance,TOTAL,14301,13301600.0
101,bihar,2021,3,Insurance,TOTAL,18030,18234900.0
102,bihar,2021,4,Insurance,TOTAL,22456,27313800.0
103,bihar,2022,1,Insurance,TOTAL,20253,27755700.0
104,bihar,2022,2,Insurance,TOTAL,21892,28212800.0
105,bihar,2022,3,Insurance,TOTAL,28511,34704300.0
106,bihar,2022,4,Insurance,TOTAL,33895,43914500.0
107,bihar,2023,1,Insurance,TOTAL,26929,38746700.0
108,bihar,2023,2,Insurance,TOTAL,29212,40354900.0
109,bihar,2023,3,Insurance,TOTAL,36550,45832400.0
110,bihar,2023,4,Insurance,TOTAL,41447,57624300.0
111,bihar,2024,1,Insurance,TOTAL,51592,63844400.0
112,bihar,2024,2,Insurance,TOTAL,49101,65285100.0
113,bihar,2024,3,Insurance,TOTAL,44745,62777300.0
114,bihar,2024,4,Insurance,TOTAL,62662,83739800.0
115,chandigarh,2020,2,Insurance,TOTAL,149,29537.0
116,chandigarh,2020,3,Insurance,TOTAL,264,70969.0
117,chandigarh,2020,4,Insurance,TOTAL,200,153341.0
118,chandigarh,2021,1,Insurance,TOTAL,338,238576.0
119,chandigarh,2021,2,Insurance,TOTAL,378,310943.0
120,chandigarh,2021,3,Insurance,TOTAL,494,469634.0
121,chandigarh,2021,4,Insurance,TOTAL,710,835813.0
122,chandigarh,2022,1,Insurance,TOTAL,792,1150930.0
123,chandigarh,2022,2,Insurance,TOTAL,1330,1874960.0
124,chandigarh,2022,3,Insurance,TOTAL,1533,1998440.0
125,chandigarh,2022,4,Insurance,TOTAL,1403,2024530.0
126,chandigarh,2023,1,Insurance,TOTAL,1520,2415570.0
127,chandigarh,2023,2,Insurance,TOTAL,1704,2501110.0
128,chandigarh,2023,3,Insurance,TOTAL,1883,2660630.0
129,chandigarh,2023,4,Insurance,TOTAL,1767,3053930.0
130,chandigarh,2024,1,Insurance,TOTAL,1730,3143980.0
131,chandigarh,2024,2,Insurance,TOTAL,1798,3177320.0
132,chandigarh,2024,3,Insurance,TOTAL,1991,3445740.0
133,chandigarh,2024,4,Insurance,TOTAL,2095,3729930.0
134,chhattisgarh,2020,2,Insurance,TOTAL,1346,279005.0
135,chhattisgarh,2020,3,Insurance,TOTAL,4702,1393660.0
136,chhattisgarh,2020,4,Insurance,TOTAL,3757,2249900.0
137,chhattisgarh,2021,1,Insurance,TOTAL,4712,2620470.0
138,chhattisgarh,2021,2,Insurance,TOTAL,5055,3813420.0
139,chhattisgarh,2021,3,Insurance,TOTAL,4676,3568840.0
140,chhattisgarh,2021,4,Insurance,TOTAL,6029,8229040.0
141,chhattisgarh,2022,1,Insurance,TOTAL,6612,10139200.0
142,chhattisgarh,2022,2,Insurance,TOTAL,7008,10120000.0
143,chhattisgarh,2022,3,Insurance,TOTAL,8849,12119500.0
144,chhattisgarh,2022,4,Insurance,TOTAL,11994,18137900.0
145,chhattisgarh,2023,1,Insurance,TOTAL,10460,16577200.0
146,chhattisgarh,2023,2,Insurance,TOTAL,10514,16389600.0
147,chhattisgarh,2023,3,Insurance,TOTAL,11927,17838400.0
148,chhattisgarh,2023,4,Insurance,TOTAL,17300,29704700.0
149,chhattisgarh,2024,1,Insurance,TOTAL,19579,30083300.0
150,chhattisgarh,2024,2,Insurance,TOTAL,15724,25935700.0
151,chhattisgarh,2024,3,Insurance,TOTAL,16550,27724100.0
152,chhattisgarh,2024,4,Insurance,TOTAL,22723,37421200.0
153,dadra-&-nagar-haveli-&-daman-&-diu,2020,2,Insurance,TOTAL,651,101029.0
154,dadra-&-nagar-haveli-&-daman-&-diu,2020,3,Insurance,TOTAL,257,65504.0
155,dadra-&-nagar-haveli-&-daman-&-diu,2020,4,Insurance,TOTAL,232,149513.0
156,dadra-&-nagar-haveli-&-daman-&-diu,2021,1,Insurance,TOTAL,467,285691.0
157,dadra-&-nagar-haveli-&-daman-&-diu,2021,2,Insurance,TOTAL,368,275638.0
158,dadra-&-nagar-haveli-&-daman-&-diu,2021,3,Insurance,TOTAL,360,273596.0
159,dadra-&-nagar-haveli-&-daman-&-diu,2021,4,Insurance,TOTAL,421,425384.0
160,dadra-&-nagar-haveli-&-daman-&-diu,2022,1,Insurance,TOTAL,493,720741.0
161,dadra-&-nagar-haveli-&-daman-&-diu,2022,2,Insurance,TOTAL,438,686857.0
162,dadra-&-nagar-haveli-&-daman-&-diu,2022,3,Insurance,TOTAL,707,983776.0
163,dadra-&-nagar-haveli-&-daman-&-diu,2022,4,Insurance,TOTAL,871,1272630.0
164,dadra-&-nagar-haveli-&-daman-&-diu,2023,1,Insurance,TOTAL,799,1215170.0
165,dadra-&-nagar-haveli-&-daman-&-diu,2023,2,Insurance,TOTAL,694,1058750.0
166,dadra-&-nagar-haveli-&-daman-&-diu,2023,3,Insurance,TOTAL,969,1333100.0
167,dadra-&-nagar-haveli-&-daman-&-diu,2023,4,Insurance,TOTAL,1207,1973870.0
168,dadra-&-nagar-haveli-&-daman-&-diu,2024,1,Insurance,TOTAL,1295,1908510.0
169,dadra-&-nagar-haveli-&-daman-&-diu,2024,2,Insurance,TOTAL,1008,1367260.0
170,dadra-&-nagar-haveli-&-daman-&-diu,2024,3,Insurance,TOTAL,1052,1602870.0
171,dadra-&-nagar-haveli-&-daman-&-diu,2024,4,Insurance,TOTAL,1503,2292530.0
172,delhi,2020,2,Insurance,TOTAL,11716,1897480.0
173,delhi,2020,3,Insurance,TOTAL,7588,1927280.0
174,delhi,2020,4,Insurance,TOTAL,9725,8045440.0
175,delhi,2021,1,Insurance,TOTAL,12822,9655260.0
176,delhi,2021,2,Insurance,TOTAL,13292,10840900.0
177,delhi,2021,3,Insurance,TOTAL,16679,15007100.0
178,delhi,2021,4,Insurance,TOTAL,34251,36578300.0
179,delhi,2022,1,Insurance,TOTAL,28232,35442100.0
180,delhi,2022,2,Insurance,TOTAL,26378,31787300.0
181,delhi,2022,3,Insurance,TOTAL,35944,41570200.0
182,delhi,2022,4,Insurance,TOTAL,48908,60603200.0
183,delhi,2023,1,Insurance,TOTAL,45821,61040000.0
184,delhi,2023,2,Insurance,TOTAL,41358,54951100.0
185,delhi,2023,3,Insurance,TOTAL,47113,58878500.0
186,delhi,2023,4,Insurance,TOTAL,56336,77332400.0
187,delhi,2024,1,Insurance,TOTAL,53050,76232300.0
188,delhi,2024,2,Insurance,TOTAL,46189,68046100.0
189,delhi,2024,3,Insurance,TOTAL,49150,71139500.0
190,delhi,2024,4,Insurance,TOTAL,67962,94390700.0
191,goa,2020,2,Insurance,TOTAL,341,71100.0
192,goa,2020,3,Insurance,TOTAL,683,196864.0
193,goa,2020,4,Insurance,TOTAL,614,682364.0
194,goa,2021,1,Insurance,TOTAL,879,827384.0
195,goa,2021,2,Insurance,TOTAL,1016,1028340.0
196,goa,2021,3,Insurance,TOTAL,1214,1385990.0
197,goa,2021,4,Insurance,TOTAL,2087,2737320.0
198,goa,2022,1,Insurance,TOTAL,2634,3865240.0
199,goa,2022,2,Insurance,TOTAL,3524,5093510.0
200,goa,2022,3,Insurance,TOTAL,3157,4142110.0
201,goa,2022,4,Insurance,TOTAL,4388,6190670.0
202,goa,2023,1,Insurance,TOTAL,4097,5859550.0
203,goa,2023,2,Insurance,TOTAL,4166,5930800.0
204,goa,2023,3,Insurance,TOTAL,3927,5646050.0
205,goa,2023,4,Insurance,TOTAL,4883,7411000.0
206,goa,2024,1,Insurance,TOTAL,5225,7528090.0
207,goa,2024,2,Insurance,TOTAL,5021,7178560.0
208,goa,2024,3,Insurance,TOTAL,5354,8051690.0
209,goa,2024,4,Insurance,TOTAL,6662,9903370.0
210,gujarat,2020,2,Insurance,TOTAL,7697,1430590.0
211,gujarat,2020,3,Insurance,TOTAL,12525,3335810.0
212,gujarat,2020,4,Insurance,TOTAL,9990,6055040.0
213,gujarat,2021,1,Insurance,TOTAL,12673,7288100.0
214,gujarat,2021,2,Insurance,TOTAL,14676,10264000.0
215,gujarat,2021,3,Insurance,TOTAL,15348,12341900.0
216,gujarat,2021,4,Insurance,TOTAL,19142,23282900.0
217,gujarat,2022,1,Insurance,TOTAL,22221,29953400.0
218,gujarat,2022,2,Insurance,TOTAL,25381,32091000.0
219,gujarat,2022,3,Insurance,TOTAL,31302,37557200.0
220,gujarat,2022,4,Insurance,TOTAL,36418,50629300.0
221,gujarat,2023,1,Insurance,TOTAL,32600,46937700.0
222,gujarat,2023,2,Insurance,TOTAL,32484,46254100.0
223,gujarat,2023,3,Insurance,TOTAL,51049,65768100.0
224,gujarat,2023,4,Insurance,TOTAL,41128,66735400.0
225,gujarat,2024,1,Insurance,TOTAL,44665,62633900.0
226,gujarat,2024,2,Insurance,TOTAL,44007,63866500.0
227,gujarat,2024,3,Insurance,TOTAL,46763,70950300.0
228,gujarat,2024,4,Insurance,TOTAL,62526,91858100.0
229,haryana,2020,2,Insurance,TOTAL,6321,1179810.0
230,haryana,2020,3,Insurance,TOTAL,7139,1884870.0
231,haryana,2020,4,Insurance,TOTAL,8283,5974280.0
232,haryana,2021,1,Insurance,TOTAL,11038,7297880.0
233,haryana,2021,2,Insurance,TOTAL,12516,11272500.0
234,haryana,2021,3,Insurance,TOTAL,14163,13215900.0
235,haryana,2021,4,Insurance,TOTAL,19489,25885800.0
236,haryana,2022,1,Insurance,TOTAL,22783,32526900.0
237,haryana,2022,2,Insurance,TOTAL,25352,33759100.0
238,haryana,2022,3,Insurance,TOTAL,35346,45402800.0
239,haryana,2022,4,Insurance,TOTAL,37971,56627100.0
240,haryana,2023,1,Insurance,TOTAL,37287,61127200.0
241,haryana,2023,2,Insurance,TOTAL,40710,62186100.0
242,haryana,2023,3,Insurance,TOTAL,42815,61782300.0
243,haryana,2023,4,Insurance,TOTAL,47506,80747200.0
244,haryana,2024,1,Insurance,TOTAL,50391,81816500.0
245,haryana,2024,2,Insurance,TOTAL,46085,74779900.0
246,haryana,2024,3,Insurance,TOTAL,49735,79198600.0
247,haryana,2024,4,Insurance,TOTAL,58808,94316500.0
248,himachal-pradesh,2020,2,Insurance,TOTAL,392,77936.0
249,himachal-pradesh,2020,3,Insurance,TOTAL,531,165559.0
250,himachal-pradesh,2020,4,Insurance,TOTAL,710,630966.0
251,himachal-pradesh,2021,1,Insurance,TOTAL,1064,906492.0
252,himachal-pradesh,2021,2,Insurance,TOTAL,1210,1402340.0
253,himachal-pradesh,2021,3,Insurance,TOTAL,1759,2444540.0
254,himachal-pradesh,2021,4,Insurance,TOTAL,2474,4667660.0
255,himachal-pradesh,2022,1,Insurance,TOTAL,2768,5234740.0
256,himachal-pradesh,2022,2,Insurance,TOTAL,2831,5371080.0
257,himachal-pradesh,2022,3,Insurance,TOTAL,3641,6161690.0
258,himachal-pradesh,2022,4,Insurance,TOTAL,4565,9060440.0
259,himachal-pradesh,2023,1,Insurance,TOTAL,3909,7826130.0
260,himachal-pradesh,2023,2,Insurance,TOTAL,4197,8499420.0
261,himachal-pradesh,2023,3,Insurance,TOTAL,3935,7869770.0
262,himachal-pradesh,2023,4,Insurance,TOTAL,5211,11898800.0
263,himachal-pradesh,2024,1,Insurance,TOTAL,5430,10433300.0
264,himachal-pradesh,2024,2,Insurance,TOTAL,5194,10008700.0
265,himachal-pradesh,2024,3,Insurance,TOTAL,5272,10539000.0
266,himachal-pradesh,2024,4,Insurance,TOTAL,6697,14090500.0
267,jammu-&-kashmir,2020,2,Insurance,TOTAL,206,48484.0
268,jammu-&-kashmir,2020,3,Insurance,TOTAL,441,133339.0
269,jammu-&-kashmir,2020,4,Insurance,TOTAL,647,734861.0
270,jammu-&-kashmir,2021,1,Insurance,TOTAL,1105,1546290.0
271,jammu-&-kashmir,2021,2,Insurance,TOTAL,1197,1832090.0
272,jammu-&-kashmir,2021,3,Insurance,TOTAL,1452,2139130.0
273,jammu-&-kashmir,2021,4,Insurance,TOTAL,3113,5223320.0
274,jammu-&-kashmir,2022,1,Insurance,TOTAL,3584,7244270.0
275,jammu-&-kashmir,2022,2,Insurance,TOTAL,4071,7729790.0
276,jammu-&-kashmir,2022,3,Insurance,TOTAL,4794,8281830.0
277,jammu-&-kashmir,2022,4,Insurance,TOTAL,5031,10111200.0
278,jammu-&-kashmir,2023,1,Insurance,TOTAL,4555,10275900.0
279,jammu-&-kashmir,2023,2,Insurance,TOTAL,5262,10974800.0
280,jammu-&-kashmir,2023,3,Insurance,TOTAL,5453,10975900.0
281,jammu-&-kashmir,2023,4,Insurance,TOTAL,6264,13932300.0
282,jammu-&-kashmir,2024,1,Insurance,TOTAL,7313,14695200.0
283,jammu-&-kashmir,2024,2,Insurance,TOTAL,7397,14237700.0
284,jammu-&-kashmir,2024,3,Insurance,TOTAL,7597,15554600.0
285,jammu-&-kashmir,2024,4,Insurance,TOTAL,8893,18252100.0
286,jharkhand,2020,2,Insurance,TOTAL,2063,405031.0
287,jharkhand,2020,3,Insurance,TOTAL,5368,1349930.0
288,jharkhand,2020,4,Insurance,TOTAL,3659,2857020.0
289,jharkhand,2021,1,Insurance,TOTAL,4879,3274850.0
290,jharkhand,2021,2,Insurance,TOTAL,5180,5084230.0
291,jharkhand,2021,3,Insurance,TOTAL,6794,7046050.0
292,jharkhand,2021,4,Insurance,TOTAL,8465,11190400.0
293,jharkhand,2022,1,Insurance,TOTAL,9373,13819500.0
294,jharkhand,2022,2,Insurance,TOTAL,9477,13464800.0
295,jharkhand,2022,3,Insurance,TOTAL,14388,18156900.0
296,jharkhand,2022,4,Insurance,TOTAL,16779,23147800.0
297,jharkhand,2023,1,Insurance,TOTAL,16108,23823400.0
298,jharkhand,2023,2,Insurance,TOTAL,16662,23216200.0
299,jharkhand,2023,3,Insurance,TOTAL,19478,25165700.0
300,jharkhand,2023,4,Insurance,TOTAL,22398,33484600.0
301,jharkhand,2024,1,Insurance,TOTAL,24824,34333000.0
302,jharkhand,2024,2,Insurance,TOTAL,22224,32245100.0
303,jharkhand,2024,3,Insurance,TOTAL,23629,34353100.0
304,jharkhand,2024,4,Insurance,TOTAL,29079,42253600.0
305,karnataka,2020,2,Insurance,TOTAL,27358,4794150.0
306,karnataka,2020,3,Insurance,TOTAL,53701,12407400.0
307,karnataka,2020,4,Insurance,TOTAL,31747,26815000.0
308,karnataka,2021,1,Insurance,TOTAL,37595,30183300.0
309,karnataka,2021,2,Insurance,TOTAL,40969,39501000.0
310,karnataka,2021,3,Insurance,TOTAL,47468,48078400.0
311,karnataka,2021,4,Insurance,TOTAL,74436,90723300.0
312,karnataka,2022,1,Insurance,TOTAL,95640,130734000.0
313,karnataka,2022,2,Insurance,TOTAL,93385,123229000.0
314,karnataka,2022,3,Insurance,TOTAL,110273,144606000.0
315,karnataka,2022,4,Insurance,TOTAL,133971,185063000.0
316,karnataka,2023,1,Insurance,TOTAL,127376,186543000.0
317,karnataka,2023,2,Insurance,TOTAL,117232,175704000.0
318,karnataka,2023,3,Insurance,TOTAL,139699,199449000.0
319,karnataka,2023,4,Insurance,TOTAL,156076,248056000.0
320,karnataka,2024,1,Insurance,TOTAL,169357,264709000.0
321,karnataka,2024,2,Insurance,TOTAL,142599,239305000.0
322,karnataka,2024,3,Insurance,TOTAL,174990,287393000.0
323,karnataka,2024,4,Insurance,TOTAL,183532,305862000.0
324,kerala,2020,2,Insurance,TOTAL,1588,360216.0
325,kerala,2020,3,Insurance,TOTAL,8811,2830360.0
326,kerala,2020,4,Insurance,TOTAL,5479,4445520.0
327,kerala,2021,1,Insurance,TOTAL,5731,5040510.0
328,kerala,2021,2,Insurance,TOTAL,9530,9676590.0
329,kerala,2021,3,Insurance,TOTAL,10926,13255600.0
330,kerala,2021,4,Insurance,TOTAL,19199,31260300.0
331,kerala,2022,1,Insurance,TOTAL,37110,64172200.0
332,kerala,2022,2,Insurance,TOTAL,35667,59920200.0
333,kerala,2022,3,Insurance,TOTAL,54587,85390900.0
334,kerala,2022,4,Insurance,TOTAL,65563,103983000.0
335,kerala,2023,1,Insurance,TOTAL,62377,101787000.0
336,kerala,2023,2,Insurance,TOTAL,61032,100621000.0
337,kerala,2023,3,Insurance,TOTAL,66059,110022000.0
338,kerala,2023,4,Insurance,TOTAL,73543,121905000.0
339,kerala,2024,1,Insurance,TOTAL,73106,115102000.0
340,kerala,2024,2,Insurance,TOTAL,65271,108142000.0
341,kerala,2024,3,Insurance,TOTAL,79123,131722000.0
342,kerala,2024,4,Insurance,TOTAL,89533,144083000.0
343,ladakh,2020,2,Insurance,TOTAL,14,2538.0
344,ladakh,2020,3,Insurance,TOTAL,33,10260.0
345,ladakh,2020,4,Insurance,TOTAL,27,34206.0
346,ladakh,2021,1,Insurance,TOTAL,32,34530.0
347,ladakh,2021,2,Insurance,TOTAL,46,86251.0
348,ladakh,2021,3,Insurance,TOTAL,192,174052.0
349,ladakh,2021,4,Insurance,TOTAL,76,195966.0
350,ladakh,2022,1,Insurance,TOTAL,75,193935.0
351,ladakh,2022,2,Insurance,TOTAL,113,269446.0
352,ladakh,2022,3,Insurance,TOTAL,137,369742.0
353,ladakh,2022,4,Insurance,TOTAL,162,410091.0
354,ladakh,2023,1,Insurance,TOTAL,161,495736.0
355,ladakh,2023,2,Insurance,TOTAL,215,635831.0
356,ladakh,2023,3,Insurance,TOTAL,232,649027.0
357,ladakh,2023,4,Insurance,TOTAL,242,718967.0
358,ladakh,2024,1,Insurance,TOTAL,291,614435.0
359,ladakh,2024,2,Insurance,TOTAL,415,964349.0
360,ladakh,2024,3,Insurance,TOTAL,446,978637.0
361,ladakh,2024,4,Insurance,TOTAL,429,970334.0
362,lakshadweep,2020,3,Insurance,TOTAL,4,1199.0
363,lakshadweep,2021,1,Insurance,TOTAL,4,5225.0
364,lakshadweep,2021,2,Insurance,TOTAL,5,6962.0
365,lakshadweep,2021,3,Insurance,TOTAL,19,16034.0
366,lakshadweep,2021,4,Insurance,TOTAL,11,17096.0
367,lakshadweep,2022,1,Insurance,TOTAL,27,34664.0
368,lakshadweep,2022,2,Insurance,TOTAL,18,27463.0
369,lakshadweep,2022,3,Insurance,TOTAL,38,41504.0
370,lakshadweep,2022,4,Insurance,TOTAL,15,27135.0
371,lakshadweep,2023,1,Insurance,TOTAL,26,30199.0
372,lakshadweep,2023,2,Insurance,TOTAL,15,38384.0
373,lakshadweep,2023,3,Insurance,TOTAL,12,12407.0
374,lakshadweep,2023,4,Insurance,TOTAL,53,78346.0
375,lakshadweep,2024,1,Insurance,TOTAL,15,12935.0
376,lakshadweep,2024,2,Insurance,TOTAL,26,33630.0
377,lakshadweep,2024,3,Insurance,TOTAL,49,55312.0
378,lakshadweep,2024,4,Insurance,TOTAL,159,185542.0
379,madhya-pradesh,2020,2,Insurance,TOTAL,6283,1198700.0
380,madhya-pradesh,2020,3,Insurance,TOTAL,14476,3496130.0
381,madhya-pradesh,2020,4,Insurance,TOTAL,10653,4897120.0
382,madhya-pradesh,2021,1,Insurance,TOTAL,14427,5567930.0
383,madhya-pradesh,2021,2,Insurance,TOTAL,14803,9787390.0
384,madhya-pradesh,2021,3,Insurance,TOTAL,11990,7806260.0
385,madhya-pradesh,2021,4,Insurance,TOTAL,15069,17524400.0
386,madhya-pradesh,2022,1,Insurance,TOTAL,13791,19901500.0
387,madhya-pradesh,2022,2,Insurance,TOTAL,14629,20159100.0
388,madhya-pradesh,2022,3,Insurance,TOTAL,22733,29185100.0
389,madhya-pradesh,2022,4,Insurance,TOTAL,29234,42712900.0
390,madhya-pradesh,2023,1,Insurance,TOTAL,26393,45135700.0
391,madhya-pradesh,2023,2,Insurance,TOTAL,27027,44871800.0
392,madhya-pradesh,2023,3,Insurance,TOTAL,29300,46963300.0
393,madhya-pradesh,2023,4,Insurance,TOTAL,40784,73801100.0
394,madhya-pradesh,2024,1,Insurance,TOTAL,51223,85216000.0
395,madhya-pradesh,2024,2,Insurance,TOTAL,41429,73836700.0
396,madhya-pradesh,2024,3,Insurance,TOTAL,43248,77995700.0
397,madhya-pradesh,2024,4,Insurance,TOTAL,59688,101097000.0
398,maharashtra,2020,2,Insurance,TOTAL,39836,6879720.0
399,maharashtra,2020,3,Insurance,TOTAL,71662,19230200.0
400,maharashtra,2020,4,Insurance,TOTAL,44798,27113800.0
401,maharashtra,2021,1,Insurance,TOTAL,55792,33137800.0
402,maharashtra,2021,2,Insurance,TOTAL,70381,46763100.0
403,maharashtra,2021,3,Insurance,TOTAL,52268,41313300.0
404,maharashtra,2021,4,Insurance,TOTAL,82423,93262200.0
405,maharashtra,2022,1,Insurance,TOTAL,88015,117412000.0
406,maharashtra,2022,2,Insurance,TOTAL,80935,104604000.0
407,maharashtra,2022,3,Insurance,TOTAL,90958,113835000.0
408,maharashtra,2022,4,Insurance,TOTAL,125900,174916000.0
409,maharashtra,2023,1,Insurance,TOTAL,112174,166596000.0
410,maharashtra,2023,2,Insurance,TOTAL,102754,157303000.0
411,maharashtra,2023,3,Insurance,TOTAL,104872,151172000.0
412,maharashtra,2023,4,Insurance,TOTAL,136968,217657000.0
413,maharashtra,2024,1,Insurance,TOTAL,149016,224725000.0
414,maharashtra,2024,2,Insurance,TOTAL,118933,198945000.0
415,maharashtra,2024,3,Insurance,TOTAL,119776,201320000.0
416,maharashtra,2024,4,Insurance,TOTAL,168078,266943000.0
417,manipur,2020,2,Insurance,TOTAL,55,12554.0
418,manipur,2020,3,Insurance,TOTAL,134,45164.0
419,manipur,2020,4,Insurance,TOTAL,90,49057.0
420,manipur,2021,1,Insurance,TOTAL,136,72254.0
421,manipur,2021,2,Insurance,TOTAL,127,81332.0
422,manipur,2021,3,Insurance,TOTAL,111,133016.0
423,manipur,2021,4,Insurance,TOTAL,145,271789.0
424,manipur,2022,1,Insurance,TOTAL,177,517854.0
425,manipur,2022,2,Insurance,TOTAL,218,553649.0
426,manipur,2022,3,Insurance,TOTAL,200,403213.0
427,manipur,2022,4,Insurance,TOTAL,271,620655.0
428,manipur,2023,1,Insurance,TOTAL,222,632084.0
429,manipur,2023,2,Insurance,TOTAL,123,341671.0
430,manipur,2023,3,Insurance,TOTAL,76,193021.0
431,manipur,2023,4,Insurance,TOTAL,225,476626.0
432,manipur,2024,1,Insurance,TOTAL,385,685052.0
433,manipur,2024,2,Insurance,TOTAL,346,647411.0
434,manipur,2024,3,Insurance,TOTAL,285,587893.0
435,manipur,2024,4,Insurance,TOTAL,405,826159.0
436,meghalaya,2020,2,Insurance,TOTAL,41,8829.0
437,meghalaya,2020,3,Insurance,TOTAL,112,33615.0
438,meghalaya,2020,4,Insurance,TOTAL,92,71029.0
439,meghalaya,2021,1,Insurance,TOTAL,107,128776.0
440,meghalaya,2021,2,Insurance,TOTAL,139,148434.0
441,meghalaya,2021,3,Insurance,TOTAL,139,214554.0
442,meghalaya,2021,4,Insurance,TOTAL,263,451612.0
443,meghalaya,2022,1,Insurance,TOTAL,337,729211.0
444,meghalaya,2022,2,Insurance,TOTAL,379,789094.0
445,meghalaya,2022,3,Insurance,TOTAL,600,1039490.0
446,meghalaya,2022,4,Insurance,TOTAL,627,1189530.0
447,meghalaya,2023,1,Insurance,TOTAL,562,1187520.0
448,meghalaya,2023,2,Insurance,TOTAL,730,1551580.0
449,meghalaya,2023,3,Insurance,TOTAL,809,1728080.0
450,meghalaya,2023,4,Insurance,TOTAL,806,1843360.0
451,meghalaya,2024,1,Insurance,TOTAL,1030,1987110.0
452,meghalaya,2024,2,Insurance,TOTAL,1235,2318010.0
453,meghalaya,2024,3,Insurance,TOTAL,1140,2443880.0
454,meghalaya,2024,4,Insurance,TOTAL,1313,2493660.0
455,mizoram,2020,2,Insurance,TOTAL,31,7322.0
456,mizoram,2020,3,Insurance,TOTAL,74,24691.0
457,mizoram,2020,4,Insurance,TOTAL,81,119124.0
458,mizoram,2021,1,Insurance,TOTAL,415,302841.0
459,mizoram,2021,2,Insurance,TOTAL,187,124805.0
460,mizoram,2021,3,Insurance,TOTAL,81,83641.0
461,mizoram,2021,4,Insurance,TOTAL,100,175847.0
462,mizoram,2022,1,Insurance,TOTAL,85,189428.0
463,mizoram,2022,2,Insurance,TOTAL,76,115090.0
464,mizoram,2022,3,Insurance,TOTAL,310,471306.0
465,mizoram,2022,4,Insurance,TOTAL,350,612551.0
466,mizoram,2023,1,Insurance,TOTAL,171,326688.0
467,mizoram,2023,2,Insurance,TOTAL,119,232928.0
468,mizoram,2023,3,Insurance,TOTAL,166,271799.0
469,mizoram,2023,4,Insurance,TOTAL,312,557950.0
470,mizoram,2024,1,Insurance,TOTAL,277,427693.0
471,mizoram,2024,2,Insurance,TOTAL,214,331455.0
472,mizoram,2024,3,Insurance,TOTAL,186,275746.0
473,mizoram,2024,4,Insurance,TOTAL,489,811687.0
474,nagaland,2020,2,Insurance,TOTAL,41,9791.0
475,nagaland,2020,3,Insurance,TOTAL,89,20798.0
476,nagaland,2020,4,Insurance,TOTAL,62,38836.0
477,nagaland,2021,1,Insurance,TOTAL,79,42973.0
478,nagaland,2021,2,Insurance,TOTAL,85,139479.0
479,nagaland,2021,3,Insurance,TOTAL,91,123643.0
480,nagaland,2021,4,Insurance,TOTAL,183,341424.0
481,nagaland,2022,1,Insurance,TOTAL,242,529223.0
482,nagaland,2022,2,Insurance,TOTAL,186,380878.0
483,nagaland,2022,3,Insurance,TOTAL,210,439669.0
484,nagaland,2022,4,Insurance,TOTAL,367,700864.0
485,nagaland,2023,1,Insurance,TOTAL,320,704957.0
486,nagaland,2023,2,Insurance,TOTAL,269,628890.0
487,nagaland,2023,3,Insurance,TOTAL,268,632287.0
488,nagaland,2023,4,Insurance,TOTAL,331,822973.0
489,nagaland,2024,1,Insurance,TOTAL,526,925684.0
490,nagaland,2024,2,Insurance,TOTAL,418,685292.0
491,nagaland,2024,3,Insurance,TOTAL,410,820539.0
492,nagaland,2024,4,Insurance,TOTAL,568,1168420.0
493,odisha,2020,2,Insurance,TOTAL,2981,615193.0
494,odisha,2020,3,Insurance,TOTAL,10955,2640190.0
495,odisha,2020,4,Insurance,TOTAL,7526,4208700.0
496,odisha,2021,1,Insurance,TOTAL,8236,4383330.0
497,odisha,2021,2,Insurance,TOTAL,7942,5832920.0
498,odisha,2021,3,Insurance,TOTAL,7967,6008690.0
499,odisha,2021,4,Insurance,TOTAL,9093,10941600.0
500,odisha,2022,1,Insurance,TOTAL,9627,14539300.0
501,odisha,2022,2,Insurance,TOTAL,12371,16631100.0
502,odisha,2022,3,Insurance,TOTAL,18898,23308500.0
503,odisha,2022,4,Insurance,TOTAL,24538,33565400.0
504,odisha,2023,1,Insurance,TOTAL,18899,29360600.0
505,odisha,2023,2,Insurance,TOTAL,22163,31307100.0
506,odisha,2023,3,Insurance,TOTAL,20263,29008400.0
507,odisha,2023,4,Insurance,TOTAL,25065,39753400.0
508,odisha,2024,1,Insurance,TOTAL,27977,40032500.0
509,odisha,2024,2,Insurance,TOTAL,24579,36840500.0
510,odisha,2024,3,Insurance,TOTAL,26524,40608700.0
511,odisha,2024,4,Insurance,TOTAL,33165,46973200.0
512,puducherry,2020,2,Insurance,TOTAL,112,22251.0
513,puducherry,2020,3,Insurance,TOTAL,191,58399.0
514,puducherry,2020,4,Insurance,TOTAL,234,197955.0
515,puducherry,2021,1,Insurance,TOTAL,372,351827.0
516,puducherry,2021,2,Insurance,TOTAL,526,508277.0
517,puducherry,2021,3,Insurance,TOTAL,561,556442.0
518,puducherry,2021,4,Insurance,TOTAL,786,946607.0
519,puducherry,2022,1,Insurance,TOTAL,1199,1663400.0
520,puducherry,2022,2,Insurance,TOTAL,1156,1597790.0
521,puducherry,2022,3,Insurance,TOTAL,1585,2025530.0
522,puducherry,2022,4,Insurance,TOTAL,2331,2693130.0
523,puducherry,2023,1,Insurance,TOTAL,1955,2593090.0
524,puducherry,2023,2,Insurance,TOTAL,1809,2614010.0
525,puducherry,2023,3,Insurance,TOTAL,2232,2891650.0
526,puducherry,2023,4,Insurance,TOTAL,2447,3419400.0
527,puducherry,2024,1,Insurance,TOTAL,2702,3793550.0
528,puducherry,2024,2,Insurance,TOTAL,2304,3323000.0
529,puducherry,2024,3,Insurance,TOTAL,2600,3968520.0
530,puducherry,2024,4,Insurance,TOTAL,2838,3896030.0
531,punjab,2020,2,Insurance,TOTAL,2036,399452.0
532,punjab,2020,3,Insurance,TOTAL,2488,684753.0
533,punjab,2020,4,Insurance,TOTAL,2451,1884290.0
534,punjab,2021,1,Insurance,TOTAL,3783,2558380.0
535,punjab,2021,2,Insurance,TOTAL,4047,3768920.0
536,punjab,2021,3,Insurance,TOTAL,4887,5271560.0
537,punjab,2021,4,Insurance,TOTAL,6638,9912830.0
538,punjab,2022,1,Insurance,TOTAL,7475,13155700.0
539,punjab,2022,2,Insurance,TOTAL,9175,15465400.0
540,punjab,2022,3,Insurance,TOTAL,12370,19381900.0
541,punjab,2022,4,Insurance,TOTAL,12187,21727800.0
542,punjab,2023,1,Insurance,TOTAL,10816,23331000.0
543,punjab,2023,2,Insurance,TOTAL,13187,24998200.0
544,punjab,2023,3,Insurance,TOTAL,14048,24461500.0
545,punjab,2023,4,Insurance,TOTAL,13777,28715800.0
546,punjab,2024,1,Insurance,TOTAL,14729,28213900.0
547,punjab,2024,2,Insurance,TOTAL,14129,27164400.0
548,punjab,2024,3,Insurance,TOTAL,15509,30111000.0
549,punjab,2024,4,Insurance,TOTAL,16279,31879000.0
550,rajasthan,2020,2,Insurance,TOTAL,5373,1095930.0
551,rajasthan,2020,3,Insurance,TOTAL,15235,3758530.0
552,rajasthan,2020,4,Insurance,TOTAL,12509,6471570.0
553,rajasthan,2021,1,Insurance,TOTAL,17800,8074220.0
554,rajasthan,2021,2,Insurance,TOTAL,18281,14357400.0
555,rajasthan,2021,3,Insurance,TOTAL,16643,12793900.0
556,rajasthan,2021,4,Insurance,TOTAL,19375,24455300.0
557,rajasthan,2022,1,Insurance,TOTAL,21517,31576900.0
558,rajasthan,2022,2,Insurance,TOTAL,24333,33748900.0
559,rajasthan,2022,3,Insurance,TOTAL,33975,45565500.0
560,rajasthan,2022,4,Insurance,TOTAL,40926,60792800.0
561,rajasthan,2023,1,Insurance,TOTAL,34415,61441000.0
562,rajasthan,2023,2,Insurance,TOTAL,37170,61301400.0
563,rajasthan,2023,3,Insurance,TOTAL,39960,64328800.0
564,rajasthan,2023,4,Insurance,TOTAL,49741,94701600.0
565,rajasthan,2024,1,Insurance,TOTAL,59127,102926000.0
566,rajasthan,2024,2,Insurance,TOTAL,55241,95504700.0
567,rajasthan,2024,3,Insurance,TOTAL,64533,108828000.0
568,rajasthan,2024,4,Insurance,TOTAL,73530,127931000.0
569,sikkim,2020,2,Insurance,TOTAL,21,4789.0
570,sikkim,2020,3,Insurance,TOTAL,94,28000.0
571,sikkim,2020,4,Insurance,TOTAL,67,70214.0
572,sikkim,2021,1,Insurance,TOTAL,122,111777.0
573,sikkim,2021,2,Insurance,TOTAL,93,122064.0
574,sikkim,2021,3,Insurance,TOTAL,106,140552.0
575,sikkim,2021,4,Insurance,TOTAL,195,503532.0
576,sikkim,2022,1,Insurance,TOTAL,239,685987.0
577,sikkim,2022,2,Insurance,TOTAL,160,383709.0
578,sikkim,2022,3,Insurance,TOTAL,243,474940.0
579,sikkim,2022,4,Insurance,TOTAL,306,667214.0
580,sikkim,2023,1,Insurance,TOTAL,260,688605.0
581,sikkim,2023,2,Insurance,TOTAL,270,628191.0
582,sikkim,2023,3,Insurance,TOTAL,251,698251.0
583,sikkim,2023,4,Insurance,TOTAL,324,793745.0
584,sikkim,2024,1,Insurance,TOTAL,400,880182.0
585,sikkim,2024,2,Insurance,TOTAL,685,1590550.0
586,sikkim,2024,3,Insurance,TOTAL,461,1029400.0
587,sikkim,2024,4,Insurance,TOTAL,599,1381680.0
588,tamil-nadu,2020,2,Insurance,TOTAL,5473,1075550.0
589,tamil-nadu,2020,3,Insurance,TOTAL,8026,2257370.0
590,tamil-nadu,2020,4,Insurance,TOTAL,10290,8993580.0
591,tamil-nadu,2021,1,Insurance,TOTAL,14406,11180800.0
592,tamil-nadu,2021,2,Insurance,TOTAL,17682,16444300.0
593,tamil-nadu,2021,3,Insurance,TOTAL,23107,23402900.0
594,tamil-nadu,2021,4,Insurance,TOTAL,33037,42184300.0
595,tamil-nadu,2022,1,Insurance,TOTAL,47621,64969000.0
596,tamil-nadu,2022,2,Insurance,TOTAL,46714,61835100.0
597,tamil-nadu,2022,3,Insurance,TOTAL,64356,79747500.0
598,tamil-nadu,2022,4,Insurance,TOTAL,125491,146458000.0
599,tamil-nadu,2023,1,Insurance,TOTAL,90690,116710000.0
600,tamil-nadu,2023,2,Insurance,TOTAL,79698,105328000.0
601,tamil-nadu,2023,3,Insurance,TOTAL,91069,114626000.0
602,tamil-nadu,2023,4,Insurance,TOTAL,104871,139434000.0
603,tamil-nadu,2024,1,Insurance,TOTAL,111521,148976000.0
604,tamil-nadu,2024,2,Insurance,TOTAL,97348,135972000.0
605,tamil-nadu,2024,3,Insurance,TOTAL,116867,162128000.0
606,tamil-nadu,2024,4,Insurance,TOTAL,127002,173784000.0
607,telangana,2020,2,Insurance,TOTAL,19003,3419450.0
608,telangana,2020,3,Insurance,TOTAL,34395,8406540.0
609,telangana,2020,4,Insurance,TOTAL,20961,11339100.0
610,telangana,2021,1,Insurance,TOTAL,28298,14810900.0
611,telangana,2021,2,Insurance,TOTAL,28870,20935700.0
612,telangana,2021,3,Insurance,TOTAL,27080,20925200.0
613,telangana,2021,4,Insurance,TOTAL,34848,38845500.0
614,telangana,2022,1,Insurance,TOTAL,36325,51942000.0
615,telangana,2022,2,Insurance,TOTAL,45600,58057000.0
616,telangana,2022,3,Insurance,TOTAL,51465,64798100.0
617,telangana,2022,4,Insurance,TOTAL,64655,88544100.0
618,telangana,2023,1,Insurance,TOTAL,54508,82678200.0
619,telangana,2023,2,Insurance,TOTAL,55118,79239000.0
620,telangana,2023,3,Insurance,TOTAL,61523,84397500.0
621,telangana,2023,4,Insurance,TOTAL,63993,105606000.0
622,telangana,2024,1,Insurance,TOTAL,67388,105608000.0
623,telangana,2024,2,Insurance,TOTAL,56941,96037300.0
624,telangana,2024,3,Insurance,TOTAL,64873,110715000.0
625,telangana,2024,4,Insurance,TOTAL,78498,124756000.0
626,tripura,2020,2,Insurance,TOTAL,88,22054.0
627,tripura,2020,3,Insurance,TOTAL,249,61642.0
628,tripura,2020,4,Insurance,TOTAL,244,149765.0
629,tripura,2021,1,Insurance,TOTAL,360,191531.0
630,tripura,2021,2,Insurance,TOTAL,381,409934.0
631,tripura,2021,3,Insurance,TOTAL,494,649961.0
632,tripura,2021,4,Insurance,TOTAL,702,1022510.0
633,tripura,2022,1,Insurance,TOTAL,907,1493400.0
634,tripura,2022,2,Insurance,TOTAL,1021,1509100.0
635,tripura,2022,3,Insurance,TOTAL,1590,2105980.0
636,tripura,2022,4,Insurance,TOTAL,1508,2112530.0
637,tripura,2023,1,Insurance,TOTAL,1642,2404960.0
638,tripura,2023,2,Insurance,TOTAL,1563,2163810.0
639,tripura,2023,3,Insurance,TOTAL,2071,2899390.0
640,tripura,2023,4,Insurance,TOTAL,2237,3169740.0
641,tripura,2024,1,Insurance,TOTAL,2637,3417570.0
642,tripura,2024,2,Insurance,TOTAL,2188,2869490.0
643,tripura,2024,3,Insurance,TOTAL,2516,3323340.0
644,tripura,2024,4,Insurance,TOTAL,2794,3765730.0
645,uttar-pradesh,2020,2,Insurance,TOTAL,9884,1912270.0
646,uttar-pradesh,2020,3,Insurance,TOTAL,18131,4436970.0
647,uttar-pradesh,2020,4,Insurance,TOTAL,17470,14180400.0
648,uttar-pradesh,2021,1,Insurance,TOTAL,24103,18027600.0
649,uttar-pradesh,2021,2,Insurance,TOTAL,25952,25137600.0
650,uttar-pradesh,2021,3,Insurance,TOTAL,32799,32641100.0
651,uttar-pradesh,2021,4,Insurance,TOTAL,44132,59655000.0
652,uttar-pradesh,2022,1,Insurance,TOTAL,45996,73015000.0
653,uttar-pradesh,2022,2,Insurance,TOTAL,55133,77435000.0
654,uttar-pradesh,2022,3,Insurance,TOTAL,64514,87703500.0
655,uttar-pradesh,2022,4,Insurance,TOTAL,77022,116756000.0
656,uttar-pradesh,2023,1,Insurance,TOTAL,73080,127110000.0
657,uttar-pradesh,2023,2,Insurance,TOTAL,74194,122522000.0
658,uttar-pradesh,2023,3,Insurance,TOTAL,78940,121483000.0
659,uttar-pradesh,2023,4,Insurance,TOTAL,92125,165510000.0
660,uttar-pradesh,2024,1,Insurance,TOTAL,103701,176443000.0
661,uttar-pradesh,2024,2,Insurance,TOTAL,92458,159894000.0
662,uttar-pradesh,2024,3,Insurance,TOTAL,92930,157304000.0
663,uttar-pradesh,2024,4,Insurance,TOTAL,116589,199180000.0
664,uttarakhand,2020,2,Insurance,TOTAL,660,134899.0
665,uttarakhand,2020,3,Insurance,TOTAL,1403,418543.0
666,uttarakhand,2020,4,Insurance,TOTAL,1756,1961890.0
667,uttarakhand,2021,1,Insurance,TOTAL,2607,2719330.0
668,uttarakhand,2021,2,Insurance,TOTAL,2742,3265720.0
669,uttarakhand,2021,3,Insurance,TOTAL,4111,4646570.0
670,uttarakhand,2021,4,Insurance,TOTAL,5529,7849020.0
671,uttarakhand,2022,1,Insurance,TOTAL,5339,8824950.0
672,uttarakhand,2022,2,Insurance,TOTAL,5773,9168310.0
673,uttarakhand,2022,3,Insurance,TOTAL,6784,10070200.0
674,uttarakhand,2022,4,Insurance,TOTAL,8750,13817700.0
675,uttarakhand,2023,1,Insurance,TOTAL,7552,13599000.0
676,uttarakhand,2023,2,Insurance,TOTAL,8051,14034900.0
677,uttarakhand,2023,3,Insurance,TOTAL,7856,12636700.0
678,uttarakhand,2023,4,Insurance,TOTAL,10040,19045200.0
679,uttarakhand,2024,1,Insurance,TOTAL,11533,19531500.0
680,uttarakhand,2024,2,Insurance,TOTAL,10311,17754400.0
681,uttarakhand,2024,3,Insurance,TOTAL,10487,17860100.0
682,uttarakhand,2024,4,Insurance,TOTAL,13090,23367500.0
683,west-bengal,2020,2,Insurance,TOTAL,7619,1432760.0
684,west-bengal,2020,3,Insurance,TOTAL,12596,2878480.0
685,west-bengal,2020,4,Insurance,TOTAL,10233,7510460.0
686,west-bengal,2021,1,Insurance,TOTAL,15488,11172000.0
687,west-bengal,2021,2,Insurance,TOTAL,15200,12396000.0
688,west-bengal,2021,3,Insurance,TOTAL,24839,21424300.0
689,west-bengal,2021,4,Insurance,TOTAL,26320,31282900.0
690,west-bengal,2022,1,Insurance,TOTAL,38779,51160500.0
691,west-bengal,2022,2,Insurance,TOTAL,33542,41737000.0
692,west-bengal,2022,3,Insurance,TOTAL,47853,59092300.0
693,west-bengal,2022,4,Insurance,TOTAL,54277,70466400.0
694,west-bengal,2023,1,Insurance,TOTAL,56833,77461700.0
695,west-bengal,2023,2,Insurance,TOTAL,49792,65204300.0
696,west-bengal,2023,3,Insurance,TOTAL,58131,76359300.0
697,west-bengal,2023,4,Insurance,TOTAL,72712,100366000.0
698,west-bengal,2024,1,Insurance,TOTAL,79576,104988000.0
699,west-bengal,2024,2,Insurance,TOTAL,67048,89476600.0
700,west-bengal,2024,3,Insurance,TOTAL,77158,107452000.0
701,west-bengal,2024,4,Insurance,TOTAL,91719,120603000.0
